,Country,Price
20,Cite el khadra,250.0
22,Ariana,165.0
24,Ariana,950.0
26,Tunis,140.0
27,Ariana,500.0
29,Ariana,10000.0
31,Sfax,1500.0
33,Ariana,380.0
34,Bizerte,650.0
35,Bizerte,700.0
39,Nabeul,150.0
42,Bardo,660.0
43,Nabeul,490.0
46,Ben arous,450.0
47,Mannouba,600.0
51,Tunis,750.0
53,Ben arous,500.0
58,Sfax,290.0
61,Ariana,350.0
62,Ariana,100.0
64,Ariana,99.0
66,Ben arous,550.0
68,Ariana,900.0
70,Ariana,280.0
73,Ben arous,410.0
74,Ariana,480.0
75,Nabeul,850.0
76,Nabeul,900.0
78,Ben arous,300.0
80,Nabeul,850.0
82,Ariana,900.0
84,Mannouba,950.0
86,Ariana,1250.0
87,Nabeul,450.0
89,Bardo,320.0
90,Ariana,165.0
91,Tunis,750.0
92,Banlieue Nord,1600.0
93,Nabeul,100.0
94,Nabeul,120.0
95,Ariana,750.0
96,Jendouba,120.0
97,Ariana,600.0
98,Ariana,850.0
99,Ariana,380.0
100,Ben arous,270.0
101,Ariana,1000.0
102,Ariana,480.0
103,Monastir,300.0
104,Nabeul,700.0
105,Ben arous,110.0
106,Ariana,1200.0
107,Ben arous,850.0
109,Nabeul,850.0
110,Gabes,200.0
113,Tunis,700.0
115,Gabes,250.0
116,Nabeul,880.0
119,Nabeul,880.0
121,Nabeul,880.0
122,Ariana,1200.0
126,Ariana,480.0
128,Sousse,100.0
130,Nabeul,1200.0
133,Tunis,580.0
135,Nabeul,150.0
137,Nabeul,500.0
139,Cite el khadra,100.0
140,Sousse,1500.0
143,Ariana,900.0
144,Banlieue Nord,700.0
146,Ariana,105.0
149,Ben arous,200.0
150,Nabeul,700.0
151,Sfax,570.0
152,Bardo,550.0
153,Banlieue Nord,5000.0
154,Banlieue Nord,850.0
156,Ariana,1500.0
158,Sousse,1200.0
161,Ariana,900.0
162,Tunis,300.0
163,Banlieue Nord,750.0
164,Ariana,1500.0
165,Mahdia,130.0
168,Ariana,3500.0
169,Ben arous,500.0
172,Ariana,900.0
174,Ben arous,600.0
176,Ben arous,600.0
178,Cite el khadra,25000.0
179,Tunis,900.0
182,Ben arous,10800.0
184,Ariana,550.0
186,Ben arous,650.0
188,Ben arous,800.0
190,Ben arous,800.0
191,Banlieue Nord,4000.0
194,Ariana,3000.0
197,Ariana,850.0
198,Jendouba,100.0
207,Jendouba,1500.0
209,Bizerte,600.0
211,Ariana,750.0
213,Ariana,800.0
215,Ariana,900.0
216,Banlieue Nord,2000.0
218,Ariana,1000.0
219,Nabeul,1000.0
221,Ben arous,600.0
223,Ariana,850.0
226,Ariana,1300.0
227,Ariana,700.0
228,Ariana,1500.0
229,Ariana,850.0
230,Jendouba,490.0
232,Tunis,900.0
233,Banlieue Nord,2000.0
236,Banlieue Nord,2400.0
237,Banlieue Nord,2500.0
239,Banlieue Nord,6000.0
253,Banlieue Nord,1800.0
254,Banlieue Nord,3000.0
256,Sousse,1700.0
258,Banlieue Nord,950.0
259,Banlieue Nord,3000.0
261,Banlieue Nord,2000.0
265,Banlieue Nord,3800.0
266,Ariana,850.0
268,Ariana,580.0
270,Ben arous,750.0
274,Ben arous,16700.0
276,Bardo,270.0
277,Bardo,220.0
280,Bizerte,100.0
282,Nabeul,120.0
284,Tunis,600.0
286,Banlieue Nord,700.0
287,Nabeul,9999.0
288,Tunis,470.0
289,Banlieue Nord,600.0
293,Ariana,1050.0
294,Tunis,450.0
311,Banlieue Nord,850.0
312,Banlieue Nord,1200.0
315,Tunis,780.0
316,Tunis,780.0
330,Monastir,15000.0
332,Ariana,650.0
335,Banlieue Nord,7300.0
336,Nabeul,9999.0
337,Ben arous,450.0
338,Ariana,200.0
339,Ariana,100.0
340,Ariana,100.0
341,Sousse,1500.0
342,Ariana,180.0
343,Cite el khadra,1500.0
344,Ariana,12000.0
345,Tunis,1600.0
346,Ben arous,520.0
349,Ben arous,400.0
352,Mannouba,550.0
354,Banlieue Nord,2000.0
355,Ariana,120.0
357,Nabeul,2000.0
359,Ben arous,350.0
363,Ben arous,580.0
365,Ariana,110.0
367,Ariana,110.0
368,Nabeul,800.0
370,Nabeul,1300.0
372,Banlieue Nord,5000.0
374,Banlieue Nord,1500.0
375,Ariana,1500.0
379,Banlieue Nord,1050.0
380,Bizerte,2000.0
383,Ben arous,470.0
385,Ariana,750.0
388,Ariana,780.0
390,Tunis,1300.0
393,Ariana,550.0
395,Mahdia,100.0
397,Banlieue Nord,1200.0
399,Banlieue Nord,1000.0
400,Jendouba,800.0
403,Banlieue Nord,1200.0
405,Mahdia,100.0
407,Mahdia,700.0
409,Ariana,2600.0
412,Ariana,950.0
413,Ben arous,850.0
417,Mahdia,0.0
418,Sousse,550.0
419,Tunis,250.0
423,Banlieue Nord,3000.0
425,Ben arous,600.0
426,Banlieue Nord,4400.0
428,Tunis,1200.0
429,Sousse,650.0
431,Banlieue Nord,4500.0
432,Ariana,740.0
434,Ariana,520.0
436,Ariana,470.0
438,Cite el khadra,780.0
440,Banlieue Nord,860.0
442,Nabeul,99.0
444,Nabeul,7200.0
446,Nabeul,99.0
447,Ariana,70.0
449,Banlieue Nord,600.0
451,Ben arous,650.0
452,Ariana,940.0
453,Sousse,1500.0
455,Ariana,600.0
456,Ben arous,430.0
459,Tunis,650.0
463,Mannouba,400.0
465,Ariana,120.0
466,Cite el khadra,680.0
467,Tunis,1200.0
469,Sousse,800.0
470,Ariana,2000.0
473,Ariana,950.0
475,Ariana,685.0
476,Ben arous,460.0
477,Ariana,430.0
479,Jendouba,300.0
480,Jendouba,0.0
482,Banlieue Nord,1200.0
484,Tunis,1200.0
487,Monastir,375.0
489,Monastir,250.0
491,Ariana,900.0
492,Ariana,1400.0
494,Ariana,700.0
497,Ariana,700.0
499,Banlieue Nord,860.0
502,Banlieue Nord,1700.0
503,Tunis,300.0
505,Banlieue Nord,4800.0
506,Nabeul,4800.0
507,Banlieue Nord,1000.0
511,Ariana,560.0
512,Ariana,560.0
514,Sousse,100.0
515,Ariana,1500.0
517,Jendouba,560.0
520,Tunis,2000.0
522,Bizerte,350.0
523,Ariana,800.0
524,Ariana,550.0
527,Ariana,900.0
529,Sousse,1200.0
530,Nabeul,5000.0
532,Sousse,300.0
534,Ariana,1000.0
535,Ben arous,1200.0
537,Ben arous,700.0
539,Banlieue Nord,450.0
542,Ben arous,600.0
544,Cite el khadra,480.0
546,Tunis,850.0
548,Nabeul,3500.0
550,Jendouba,1000.0
556,Ariana,700.0
557,Ariana,850.0
560,Ariana,790.0
561,Tunis,2200.0
564,Bizerte,525.0
566,Tunis,350.0
568,Ariana,230.0
570,Ariana,900.0
571,Banlieue Nord,1200.0
574,Tunis,165.0
577,Ariana,580.0
579,Tunis,1200.0
581,Mannouba,290.0
582,Mannouba,300.0
585,Nabeul,750.0
586,Banlieue Nord,2600.0
588,Ariana,1500.0
590,Ariana,1300.0
592,Ariana,750.0
593,Banlieue Nord,800.0
595,Ariana,500.0
596,Banlieue Nord,120.0
598,Nabeul,850.0
600,Nabeul,500.0
602,Bizerte,500.0
605,Ariana,700.0
607,Tunis,500.0
608,Tunis,800.0
610,Gabes,200.0
613,Ben arous,270.0
616,Ariana,740.0
617,Nabeul,2500.0
619,Ben arous,270.0
620,Tunis,1400.0
622,Ben arous,450.0
624,Cite el khadra,650.0
626,Sousse,1200.0
630,Sousse,4000.0
631,Ariana,950.0
634,Ariana,1800.0
636,Bardo,240.0
638,Sousse,1100.0
639,Sfax,350.0
642,Ariana,650.0
644,Ariana,500.0
648,Nabeul,300.0
649,Ariana,950.0
650,Ariana,750.0
651,Sousse,1400.0
652,Ben arous,350.0
654,Bizerte,600.0
656,Tunis,900.0
657,Nabeul,550.0
659,Tunis,700.0
661,Tunis,470.0
663,Nabeul,500.0
665,Nabeul,700.0
667,Sousse,900.0
668,Tunis,550.0
671,Tunis,230.0
673,Ariana,490.0
675,Bizerte,300.0
677,Nabeul,700.0
678,Ben arous,270.0
680,Ben arous,500.0
681,Beja,300.0
683,Ariana,650.0
685,Mahdia,60.0
687,Ariana,580.0
689,Monastir,600.0
691,Ariana,122.0
692,Sousse,750.0
697,Mannouba,380.0
698,Sfax,0.0
700,Jendouba,560.0
701,Sousse,90.0
704,Ariana,1200.0
705,Banlieue Nord,3000.0
707,Nabeul,600.0
709,Ariana,480.0
711,Bizerte,500.0
712,Tunis,750.0
718,Sousse,600.0
720,Sfax,600.0
722,Ariana,2500.0
724,Gabes,350.0
726,Tunis,350.0
728,Ariana,300.0
731,Ariana,500.0
733,Ariana,100.0
736,Ariana,700.0
737,Ariana,100.0
740,Nabeul,500.0
741,Ben arous,600.0
743,Sousse,100.0
746,Sousse,300.0
748,Bardo,350.0
750,Ariana,1000.0
751,Banlieue Nord,1150.0
754,Ben arous,600.0
755,Ben arous,600.0
757,Banlieue Nord,1200.0
759,Beja,600.0
761,Sousse,350.0
765,Sfax,290.0
767,Ariana,400.0
769,Tunis,1700.0
770,Sousse,90.0
772,Ariana,92.0
773,Nabeul,1400.0
775,Sfax,395.0
777,Sousse,200.0
778,Banlieue Nord,120.0
780,Banlieue Nord,130.0
781,Banlieue Nord,1500.0
784,Ariana,91.0
787,Banlieue Nord,130.0
789,Mannouba,600.0
790,Banlieue Nord,150.0
792,Banlieue Nord,600.0
793,Ariana,500.0
794,Tunis,950.0
796,Ariana,500.0
797,Tunis,0.0
799,Sfax,700.0
800,Banlieue Nord,2500.0
802,Ariana,590.0
803,Sfax,1500.0
805,Ariana,900.0
808,Bizerte,650.0
809,Nabeul,350.0
811,Tunis,140.0
814,Banlieue Nord,160.0
817,Banlieue Nord,130.0
818,Ben arous,750.0
820,Ariana,750.0
823,Ariana,100.0
825,Sousse,1450.0
827,Ariana,1200.0
829,Sousse,1200.0
830,Sousse,550.0
834,Tunis,380.0
835,Tunis,280.0
836,Nabeul,900.0
839,Ben arous,450.0
840,Ariana,850.0
841,Mannouba,470.0
844,Ariana,120.0
846,Ben arous,880.0
847,Nabeul,65.0
848,Nabeul,1700.0
853,Ben arous,330.0
854,Nabeul,130.0
855,Nabeul,130.0
858,Banlieue Nord,800.0
859,Nabeul,4500.0
860,Tunis,1650.0
863,Banlieue Nord,1650.0
865,Nabeul,125.0
867,Ariana,1300.0
870,Nabeul,100.0
872,Mannouba,850.0
873,Banlieue Nord,3500.0
875,Nabeul,30.0
877,Banlieue Nord,1800.0
879,Banlieue Nord,2500.0
880,Ariana,800.0
882,Nabeul,450.0
885,Mahdia,700.0
887,Ben arous,450.0
890,Ariana,9000.0
892,Ariana,400.0
894,Bizerte,400.0
897,Bizerte,550.0
900,Nabeul,120.0
902,Jendouba,150.0
904,Banlieue Nord,4000.0
907,Banlieue Nord,4200.0
908,Tunis,950.0
911,Nabeul,450.0
913,Ben arous,700.0
915,Ben arous,750.0
916,Ariana,1800.0
920,Nabeul,150.0
922,Nabeul,1000.0
925,Sousse,750.0
929,Tunis,12000.0
930,Ariana,100.0
933,Ariana,130.0
934,Gabes,1000.0
936,Sfax,0.0
938,Ariana,1000.0
939,Ariana,1000.0
943,Ben arous,900.0
945,Sfax,800.0
946,Ben arous,500.0
948,Ben arous,650.0
950,Sousse,600.0
952,Sfax,500.0
953,Tunis,2250.0
955,Mannouba,350.0
960,Ariana,4800.0
962,Bizerte,600.0
963,Monastir,100.0
966,Nabeul,550.0
969,Tunis,750.0
970,Sfax,1000.0
971,Bizerte,350.0
973,Bizerte,2500.0
974,Ariana,1000.0
976,Sousse,600.0
977,Banlieue Nord,2000.0
979,Monastir,350.0
980,Banlieue Nord,2300.0
982,Ben arous,1500.0
984,Ben arous,1200.0
986,Sousse,450.0
987,Tunis,550.0
989,Ben arous,300.0
991,Ben arous,450.0
992,Mahdia,50000.0
993,Nabeul,80.0
994,Bizerte,2500.0
996,Sfax,680.0
999,Tunis,350.0
1002,Bizerte,600.0
1005,Ariana,900.0
1008,Ariana,450.0
1020,Ariana,1200.0
1022,Banlieue Nord,1800.0
1030,Sousse,1200.0
1031,Ariana,1200.0
1032,Mannouba,260.0
1033,Mannouba,370.0
1034,Ariana,1100.0
1035,Ariana,750.0
1036,Ariana,700.0
1037,Ariana,1400.0
1038,Ariana,1300.0
1039,Ariana,1000.0
1040,Banlieue Nord,1500.0
1041,Banlieue Nord,2000.0
1042,Banlieue Nord,2000.0
1043,Ariana,4000.0
1044,Ariana,900.0
1045,Ariana,750.0
1046,Banlieue Nord,1200.0
1047,Ben arous,1200.0
1048,Banlieue Nord,2500.0
1049,Banlieue Nord,3200.0
1052,Ben arous,500.0
1054,Tunis,200.0
1056,Sfax,380.0
1059,Gabes,250.0
1060,Gabes,370.0
1063,Ariana,950.0
1065,Gabes,270.0
1067,Sfax,600.0
1068,Banlieue Nord,700.0
1070,Ariana,500.0
1072,Ariana,2500.0
1074,Mannouba,250.0
1075,Ariana,400.0
1077,Banlieue Nord,750.0
1080,Banlieue Nord,4500.0
1081,Sousse,800.0
1084,Nabeul,380.0
1086,Ben arous,460.0
1089,Nabeul,140.0
1093,Nabeul,380.0
1095,Bardo,450.0
1097,Nabeul,400.0
1100,Nabeul,420.0
1102,Sousse,900.0
1103,Sousse,550.0
1105,Nabeul,700.0
1108,Sousse,700.0
1109,Ariana,1200.0
1110,Ariana,2100.0
1111,Ben arous,10000.0
1114,Banlieue Nord,150.0
1116,Nabeul,850.0
1118,Bardo,1000.0
1120,Nabeul,340.0
1121,Nabeul,340.0
1123,Ariana,900.0
1125,Ariana,3500.0
1128,Ariana,180.0
1130,Sousse,600.0
1132,Ariana,700.0
1135,Banlieue Nord,1800.0
1137,Nabeul,120.0
1138,Banlieue Nord,3000.0
1140,Tunis,290.0
1142,Monastir,200.0
1145,Banlieue Nord,120.0
1147,Ariana,600.0
1149,Sfax,530.0
1150,Sousse,500.0
1152,Ariana,1200.0
1153,Banlieue Nord,3000.0
1157,Ariana,450.0
1158,Ariana,750.0
1161,Ariana,1200.0
1162,Ben arous,6000.0
1164,Ben arous,4500.0
1167,Ariana,850.0
1168,Nabeul,1400.0
1170,Ben arous,380.0
1171,Nabeul,500.0
1172,Nabeul,1750.0
1174,Sousse,160.0
1176,Mannouba,600.0
1178,Tunis,4500.0
1179,Mannouba,350.0
1180,Monastir,200.0
1182,Bardo,0.0
1185,Ariana,800.0
1186,Ben arous,550.0
1188,Ariana,850.0
1189,Ariana,1050.0
1191,Tunis,250.0
1193,Tunis,800.0
1195,Banlieue Nord,1600.0
1197,Sousse,600.0
1198,Ariana,850.0
1200,Nabeul,99.0
1201,Nabeul,99.0
1204,Tunis,500.0
1206,Ariana,1250.0
1209,Ariana,1100.0
1211,Ben arous,2500.0
1212,Ariana,630.0
1215,Monastir,250.0
1218,Banlieue Nord,750.0
1220,Nabeul,3800.0
1223,Sfax,450.0
1225,Sousse,90.0
1227,Sfax,500.0
1228,Sousse,600.0
1230,Ariana,80.0
1232,Bardo,750.0
1234,Bardo,100.0
1235,Sousse,120.0
1238,Sfax,250.0
1240,Nabeul,3500.0
1242,Tunis,400.0
1245,Sfax,180.0
1246,Sousse,1500.0
1247,Nabeul,390.0
1250,Ben arous,900.0
1252,Nabeul,0.0
1253,Ariana,70.0
1254,Tunis,1250.0
1256,Ben arous,3000.0
1258,Ariana,900.0
1260,Sousse,400.0
1261,Ben arous,5000.0
1262,Sfax,850.0
1265,Sousse,100.0
1268,Sousse,0.0
1271,Mahdia,1000.0
1274,Banlieue Nord,800.0
1275,Tunis,100.0
1277,Tunis,500.0
1279,Ben arous,500.0
1281,Tunis,300.0
1283,Nabeul,2500.0
1285,Sfax,500.0
1287,Banlieue Nord,2200.0
1290,Banlieue Nord,1100.0
1292,Ariana,700.0
1294,Ariana,550.0
1296,Ariana,1750.0
1298,Ariana,400.0
1299,Tunis,400.0
1301,Sousse,100.0
1303,Ariana,80.0
1305,Banlieue Nord,2800.0
1307,Ben arous,4750.0
1308,Tunis,350.0
1310,Nabeul,1500.0
1314,Banlieue Nord,4550.0
1318,Tunis,350.0
1321,Nabeul,750.0
1322,Gafsa,420.0
1326,Nabeul,150.0
1328,Ariana,750.0
1330,Nabeul,130.0
1332,Nabeul,490.0
1335,Nabeul,99.0
1337,Ariana,850.0
1338,Ariana,570.0
1340,Tunis,750.0
1341,Cite el khadra,650.0
1342,Sfax,850.0
1343,Bizerte,500.0
1346,Mannouba,500.0
1347,Ben arous,750.0
1351,Nabeul,350.0
1354,Nabeul,750.0
1357,Bizerte,100.0
1358,Ben arous,600.0
1361,Nabeul,600.0
1365,Bardo,500.0
1368,Nabeul,99.0
1371,Ariana,600.0
1375,Banlieue Nord,100.0
1376,Banlieue Nord,100.0
1377,Tunis,200.0
1379,Sousse,500.0
1381,Tunis,1100.0
1384,Tunis,0.0
1385,Bizerte,1200.0
1386,Banlieue Nord,3000.0
1387,Tunis,620.0
1390,Tunis,1100.0
1391,Bizerte,450.0
1392,Ariana,650.0
1394,Tunis,1300.0
1397,Banlieue Nord,1200.0
1399,Banlieue Nord,600.0
1400,Banlieue Nord,220.0
1402,Banlieue Nord,250.0
1406,Tunis,750.0
1408,Sfax,350.0
1409,Banlieue Nord,800.0
1411,Nabeul,140.0
1413,Ariana,800.0
1416,Banlieue Nord,1000.0
1417,Banlieue Nord,1500.0
1419,Nabeul,0.0
1420,Banlieue Nord,2500.0
1424,Ben arous,650.0
1426,Ben arous,290.0
1428,Tunis,400.0
1430,Banlieue Nord,2800.0
1433,Banlieue Nord,1100.0
1436,Banlieue Nord,1600.0
1438,Ariana,65.0
1439,Ariana,650.0
1441,Mahdia,450.0
1443,Banlieue Nord,2800.0
1445,Banlieue Nord,5000.0
1447,Ariana,1300.0
1448,Tunis,500.0
1450,Ariana,750.0
1452,Ariana,670.0
1453,Bardo,500.0
1455,Sousse,450.0
1456,Banlieue Nord,350.0
1458,Banlieue Nord,7500.0
1459,Ariana,300.0
1461,Ariana,700.0
1465,Nabeul,700.0
1467,Banlieue Nord,1200.0
1469,Ariana,750.0
1471,Ariana,2500.0
1472,Banlieue Nord,1500.0
1474,Nabeul,400.0
1477,Ariana,940.0
1479,Banlieue Nord,2500.0
1481,Tunis,1300.0
1484,Banlieue Nord,3200.0
1486,Banlieue Nord,2800.0
1489,Nabeul,450.0
1490,Banlieue Nord,780.0
1495,Banlieue Nord,2500.0
1497,Nabeul,1000.0
1500,Banlieue Nord,1200.0
1504,Tunis,0.0
1505,Bizerte,440.0
1506,Banlieue Nord,2000.0
1509,Sousse,100.0
1511,Cite el khadra,550.0
1513,Banlieue Nord,1100.0
1515,Banlieue Nord,2200.0
1517,Banlieue Nord,5000.0
1519,Banlieue Nord,5000.0
1522,Ariana,2500.0
1524,Banlieue Nord,3650.0
1525,Banlieue Nord,2500.0
1527,Banlieue Nord,7000.0
1529,Banlieue Nord,1200.0
1532,Ariana,500.0
1535,Banlieue Nord,1600.0
1536,Ariana,900.0
1537,Banlieue Nord,2200.0
1538,Banlieue Nord,2500.0
1539,Ben arous,330.0
1542,Tunis,4500.0
1543,Banlieue Nord,1100.0
1546,Banlieue Nord,1400.0
1548,Banlieue Nord,2200.0
1549,Ariana,660.0
1553,Sousse,100.0
1554,Nabeul,2500.0
1556,Mahdia,110.0
1558,Nabeul,1200.0
1560,Ariana,170.0
1561,Tunis,350.0
1563,Ariana,1000.0
1565,Nabeul,900.0
1567,Sousse,100.0
1568,Nabeul,1150.0
1569,Tunis,1.0
1571,Ariana,850.0
1574,Tunis,1800.0
1576,Nabeul,900.0
1580,Banlieue Nord,1200.0
1581,Nabeul,0.0
1583,Banlieue Nord,2400.0
1585,Tunis,1500.0
1586,Banlieue Nord,0.0
1588,Ariana,1200.0
1590,Nabeul,1300.0
1591,Tunis,1000.0
1593,Nabeul,2400.0
1596,Banlieue Nord,250.0
1597,Banlieue Nord,2000.0
1600,Ben arous,0.0
1601,Ariana,1300.0
1603,Tunis,1000.0
1606,Tunis,600.0
1607,Tunis,2000.0
1609,Tunis,0.0
1613,Banlieue Nord,2000.0
1617,Banlieue Nord,850.0
1618,Ben arous,0.0
1620,Banlieue Nord,1000.0
1621,Ariana,850.0
1623,Tunis,900.0
1625,Banlieue Nord,1500.0
1629,Banlieue Nord,3000.0
1631,Nabeul,550.0
1633,Ariana,750.0
1635,Nabeul,120.0
1636,Ariana,750.0
1638,Banlieue Nord,5000.0
1639,Banlieue Nord,1500.0
1641,Ben arous,900.0
1643,Nabeul,130.0
1646,Sfax,0.0
1647,Jendouba,350.0
1648,Ariana,440.0
1650,Ben arous,2000.0
1651,Banlieue Nord,1600.0
1654,Nabeul,200.0
1655,Ben arous,600.0
1657,Sfax,375.0
1658,Banlieue Nord,2900.0
1660,Ben arous,500.0
1662,Banlieue Nord,5000.0
1665,Banlieue Nord,8000.0
1667,Banlieue Nord,6000.0
1669,Sousse,90.0
1670,Ben arous,350.0
1672,Ariana,600.0
1673,Tunis,1000.0
1678,Ben arous,400.0
1680,Tunis,120.0
1681,Banlieue Nord,7500.0
1684,Nabeul,130.0
1685,Ben arous,450.0
1688,Banlieue Nord,1350.0
1689,Ben arous,550.0
1691,Banlieue Nord,900.0
1692,Monastir,0.0
1693,Tunis,2600.0
1694,Tunis,1000.0
1696,Cite el khadra,2000.0
1697,Tunis,400.0
1698,Banlieue Nord,2300.0
1699,Tunis,750.0
1700,Banlieue Nord,800.0
1701,Banlieue Nord,1200.0
1702,Ariana,4000.0
1703,Tunis,1400.0
1704,Tunis,900.0
1705,Banlieue Nord,5000.0
1706,Bardo,650.0
1707,Banlieue Nord,7000.0
1708,Banlieue Nord,800.0
1709,Nabeul,100.0
1710,Nabeul,7920.0
1711,Sousse,1600.0
1712,Banlieue Nord,2300.0
1713,Ben arous,380.0
1714,Sfax,350.0
1717,Ariana,0.0
1718,Banlieue Nord,980.0
1719,Banlieue Nord,1100.0
1721,Ariana,780.0
1722,Ben arous,440.0
1723,Banlieue Nord,2500.0
1725,Ariana,550.0
1727,Ariana,1500.0
1728,Sfax,0.0
1729,Ariana,500.0
1730,Banlieue Nord,3400.0
1731,Ben arous,480.0
1732,Sousse,80.0
1733,Ariana,1200.0
1737,Ariana,900.0
1738,Gafsa,30.0
1740,Banlieue Nord,2000.0
1741,Tunis,750.0
1742,Ben arous,650.0
1743,Sousse,100.0
1745,Banlieue Nord,1500.0
1750,Banlieue Nord,600.0
1751,Cite el khadra,780.0
1752,Ariana,80.0
1754,Sousse,100.0
1756,Ariana,1050.0
1758,Sousse,550.0
1760,Tunis,550.0
1761,Ariana,14000.0
1762,Banlieue Nord,150.0
1764,Banlieue Nord,2000.0
1767,Banlieue Nord,2200.0
1768,Banlieue Nord,750.0
1771,Sousse,350.0
1772,Nabeul,420.0
1773,Ben arous,400.0
1775,Ariana,530.0
1778,Banlieue Nord,1900.0
1779,Ben arous,400.0
1780,Tunis,2500.0
1782,Banlieue Nord,8000.0
1785,Ariana,600.0
1787,Banlieue Nord,4500.0
1789,Ariana,640.0
1791,Monastir,40.0
1792,Ariana,1000.0
1793,Banlieue Nord,3000.0
1794,Monastir,50.0
1796,Banlieue Nord,1800.0
1797,Mannouba,500.0
1799,Banlieue Nord,750.0
1801,Bardo,1200.0
1803,Banlieue Nord,5500.0
1805,Ariana,1150.0
1808,Ariana,1200.0
1809,Ariana,1150.0
1811,Nabeul,7920.0
1813,Banlieue Nord,3500.0
1815,Banlieue Nord,2800.0
1816,Banlieue Nord,5000.0
1818,Sousse,250.0
1819,Tunis,700.0
1820,Sousse,600.0
1824,Banlieue Nord,2000.0
1825,Tunis,400.0
1827,Ariana,100.0
1829,Ariana,700.0
1830,Ariana,2500.0
1832,Banlieue Nord,2700.0
1833,Ariana,550.0
1835,Banlieue Nord,3000.0
1836,Ariana,4000.0
1837,Sousse,90.0
1839,Ben arous,700.0
1840,Banlieue Nord,720.0
1842,Banlieue Nord,1450.0
1844,Banlieue Nord,3000.0
1845,Nabeul,250.0
1848,Ben arous,360.0
1849,Nabeul,80.0
1850,Nabeul,140.0
1851,Banlieue Nord,1600.0
1852,Banlieue Nord,2800.0
1853,Banlieue Nord,870.0
1856,Ariana,1300.0
1858,Ben arous,380.0
1859,Nabeul,1400.0
1861,Ariana,1200.0
1863,Mannouba,150.0
1866,Ben arous,600.0
1868,Ariana,6500.0
1871,Ariana,6000.0
1873,Ariana,870.0
1874,Ariana,700.0
1876,Banlieue Nord,850.0
1878,Ariana,1000.0
1881,Banlieue Nord,1700.0
1882,Banlieue Nord,130.0
1885,Ariana,2000.0
1886,Tunis,350.0
1889,Banlieue Nord,1550.0
1892,Ariana,900.0
1895,Banlieue Nord,5500.0
1896,Sousse,0.0
1897,Ariana,1050.0
1900,Ben arous,380.0
1903,Banlieue Nord,6500.0
1904,Banlieue Nord,500.0
1906,Tunis,500.0
1907,Banlieue Nord,1600.0
1908,Tunis,700.0
1910,Banlieue Nord,2400.0
1911,Tunis,1200.0
1914,Sousse,4000.0
1917,Jendouba,250.0
1918,Tunis,659.0
1920,Ariana,900.0
1921,Nabeul,130.0
1924,Mannouba,700.0
1925,Banlieue Nord,1200.0
1926,Ariana,750.0
1927,Banlieue Nord,2500.0
1930,Banlieue Nord,400.0
1931,Ariana,550.0
1934,Banlieue Nord,350.0
1935,Sfax,700.0
1939,Ariana,680.0
1941,Banlieue Nord,400.0
1942,Ariana,1100.0
1944,Tunis,1300.0
1948,Sousse,750.0
1950,Banlieue Nord,250.0
1952,Banlieue Nord,2500.0
1954,Sousse,380.0
1956,Banlieue Nord,1200.0
1959,Banlieue Nord,420.0
1960,Tunis,900.0
1963,Banlieue Nord,1700.0
1964,Banlieue Nord,500.0
1966,Ariana,2500.0
1969,Tunis,400.0
1970,Ariana,100.0
1972,Mannouba,750.0
1973,Banlieue Nord,2300.0
1975,Ariana,1500.0
1977,Ariana,850.0
1979,Tunis,3200.0
1982,Ariana,500.0
1984,Banlieue Nord,3000.0
1985,Jendouba,280.0
1990,Banlieue Nord,3000.0
1991,Ariana,1050.0
1993,Cite el khadra,5000.0
1995,Banlieue Nord,6000.0
1996,Ariana,1250.0
1998,Banlieue Nord,3500.0
2001,Ariana,5000.0
2003,Ben arous,850.0
2004,Banlieue Nord,1500.0
2006,Sfax,700.0
2008,Mannouba,650.0
2010,Cite el khadra,2000.0
2012,Banlieue Nord,5000.0
2014,Banlieue Nord,900.0
2016,Banlieue Nord,20000.0
2018,Ben arous,470.0
2020,Tunis,420.0
2022,Ariana,700.0
2023,Tunis,2100.0
2025,Ben arous,450.0
2027,Sousse,100.0
2029,Banlieue Nord,1700.0
2031,Ariana,900.0
2033,Ariana,80.0
2034,Banlieue Nord,2200.0
2035,Banlieue Nord,1600.0
2037,Gafsa,220.0
2038,Nabeul,800.0
2040,Sousse,700.0
2042,Tunis,750.0
2043,Banlieue Nord,600.0
2044,Nabeul,900.0
2046,Nabeul,1500.0
2048,Ariana,600.0
2049,Nabeul,550.0
2052,Sousse,400.0
2053,Banlieue Nord,1750.0
2055,Ariana,500.0
2058,Tunis,450.0
2063,Tunis,3000.0
2066,Tunis,750.0
2068,Nabeul,800.0
2070,Banlieue Nord,2000.0
2071,Ben arous,490.0
2073,Tunis,450.0
2075,Banlieue Nord,1000.0
2076,Ariana,1500.0
2078,Ariana,1100.0
2080,Ben arous,440.0
2082,Banlieue Nord,1000.0
2085,Tunis,1200.0
2087,Ben arous,760.0
2089,Banlieue Nord,900.0
2092,Tunis,2000.0
2093,Sousse,700.0
2094,Sfax,400.0
2097,Banlieue Nord,680.0
2098,Sousse,1000.0
2100,Ariana,550.0
2105,Banlieue Nord,750.0
2106,Sousse,130.0
2109,Monastir,380.0
2113,Nabeul,150.0
2117,Monastir,300.0
2120,Nabeul,100.0
2126,Ariana,500.0
2133,Ariana,800.0
2135,Ben arous,470.0
2136,Ben arous,450.0
2142,Banlieue Nord,4000.0
2148,Nabeul,100.0
2154,Ben arous,600.0
2156,Monastir,350.0
2161,Nabeul,100.0
2183,Nabeul,100.0
2184,Nabeul,120.0
2191,Sousse,60.0
2196,Banlieue Nord,2500.0
2197,Nabeul,200.0
2199,Banlieue Nord,400.0
2204,Sousse,430.0
2209,Ariana,0.0
2220,Tunis,750.0
2222,Sousse,130.0
2227,Gafsa,150.0
2233,Mahdia,80.0
2242,Sousse,250.0
2244,Ariana,500.0
2245,Banlieue Nord,1500.0
2247,Banlieue Nord,1600.0
2249,Nabeul,140.0
2284,Nabeul,160.0
2286,Sfax,500.0
2290,Nabeul,130.0
2292,Ben arous,550.0
2295,Banlieue Nord,2800.0
2297,Tunis,600.0
2300,Banlieue Nord,4400.0
2303,Mannouba,600.0
2304,Ben arous,500.0
2305,Banlieue Nord,4000.0
2306,Sousse,100.0
2309,Banlieue Nord,450.0
2311,Banlieue Nord,4000.0
2313,Banlieue Nord,2200.0
2314,Banlieue Nord,700.0
2317,Ben arous,300.0
2318,Banlieue Nord,1700.0
2320,Banlieue Nord,750.0
2321,Nabeul,13333.0
2325,Ariana,650.0
2327,Ariana,850.0
2330,Monastir,123.0
2332,Banlieue Nord,5000.0
2334,Ariana,1800.0
2336,Banlieue Nord,1900.0
2337,Ariana,9000.0
2340,Banlieue Nord,2500.0
2342,Ariana,600.0
2343,Banlieue Nord,1000.0
2344,Banlieue Nord,1800.0
2345,Sousse,900.0
2346,Sousse,100.0
2347,Banlieue Nord,750.0
2349,Tunis,600.0
2350,Banlieue Nord,1280.0
2352,Mannouba,900.0
2354,Tunis,600.0
2357,Cite el khadra,1500.0
2359,Monastir,670.0
2360,Ariana,900.0
2361,Ariana,1000.0
2362,Banlieue Nord,1600.0
2364,Ariana,650.0
2366,Ben arous,220.0
2367,Tunis,1100.0
2370,Ariana,680.0
2372,Banlieue Nord,1500.0
2373,Ariana,900.0
2377,Ariana,2500.0
2380,Ariana,700.0
2382,Sousse,140.0
2384,Banlieue Nord,1200.0
2386,Banlieue Nord,1350.0
2388,Nabeul,120.0
2390,Banlieue Nord,2800.0
2391,Ariana,430.0
2394,Ariana,500.0
2407,Ariana,80.0
2409,Mannouba,500.0
2410,Ben arous,430.0
2412,Nabeul,500.0
2414,Ariana,1500.0
2416,Sousse,500.0
2417,Cite el khadra,500.0
2419,Nabeul,400.0
2425,Ariana,650.0
2428,Banlieue Nord,1000.0
2430,Banlieue Nord,1400.0
2432,Nabeul,420.0
2434,Tunis,1300.0
2436,Sfax,450.0
2437,Ariana,650.0
2438,Bizerte,350.0
2440,Banlieue Nord,3500.0
2442,Ariana,1700.0
2445,Banlieue Nord,1000.0
2446,Ben arous,1200.0
2449,Ariana,1000.0
2451,Tunis,950.0
2453,Banlieue Nord,4000.0
2454,Tozeur,0.0
2456,Ariana,1250.0
2458,Ariana,900.0
2459,Ariana,1300.0
2461,Ariana,800.0
2462,Banlieue Nord,2000.0
2464,Gabes,300.0
2467,Banlieue Nord,1500.0
2470,Ben arous,500.0
2471,Banlieue Nord,1150.0
2474,Sfax,470.0
2475,Ariana,0.0
2478,Ariana,750.0
2479,Sousse,650.0
2481,Banlieue Nord,3000.0
2483,Banlieue Nord,1500.0
2484,Tunis,90.0
2486,Banlieue Nord,3200.0
2489,Sousse,400.0
2492,Sfax,650.0
2494,Banlieue Nord,1000.0
2495,Tunis,1200.0
2499,Banlieue Nord,1300.0
2501,Nabeul,110.0
2505,Banlieue Nord,2500.0
2507,Nabeul,100.0
2509,Mannouba,950.0
2512,Sousse,140.0
2513,Nabeul,700.0
2516,Tunis,950.0
2520,Sousse,500.0
2522,Ariana,700.0
2523,Banlieue Nord,1500.0
2525,Banlieue Nord,3325.0
2527,Ariana,360.0
2529,Ben arous,625.0
2531,Ariana,750.0
2532,Ariana,420.0
2533,Banlieue Nord,3750.0
2536,Banlieue Nord,1500.0
2538,Banlieue Nord,1500.0
2540,Banlieue Nord,350.0
2541,Ariana,1300.0
2543,Nabeul,150.0
2544,Banlieue Nord,2000.0
2545,Ben arous,500.0
2547,Banlieue Nord,1900.0
2548,Sousse,80.0
2552,Banlieue Nord,3500.0
2556,Banlieue Nord,1700.0
2560,Banlieue Nord,3500.0
2561,Ben arous,650.0
2563,Nabeul,4000.0
2564,Cite el khadra,650.0
2567,Sousse,730.0
2568,Banlieue Nord,2800.0
2570,Sousse,1200.0
2573,Banlieue Nord,3700.0
2575,Tunis,800.0
2579,Tunis,1600.0
2581,Ariana,350.0
2582,Ben arous,700.0
2583,Banlieue Nord,2300.0
2585,Tunis,0.0
2589,Bardo,300.0
2590,Banlieue Nord,2500.0
2592,Banlieue Nord,940.0
2593,Sousse,150.0
2594,Ben arous,760.0
2597,Banlieue Nord,750.0
2598,Sfax,850.0
2599,Banlieue Nord,750.0
2601,Sousse,600.0
2604,Nabeul,110.0
2607,Banlieue Nord,1100.0
2610,Banlieue Nord,1200.0
2612,Tunis,1200.0
2614,Banlieue Nord,2500.0
2615,Ariana,800.0
2616,Banlieue Nord,1200.0
2620,Sousse,160.0
2623,Nabeul,1500.0
2624,Tunis,1400.0
2626,Ben arous,650.0
2628,Banlieue Nord,925.0
2630,Banlieue Nord,1600.0
2632,Ariana,1300.0
2633,Tunis,2800.0
2635,Cite el khadra,1200.0
2636,Ariana,900.0
2637,Banlieue Nord,1550.0
2639,Ariana,770.0
2642,Ben arous,1000.0
2644,Banlieue Nord,3500.0
2646,Ariana,1500.0
2648,Banlieue Nord,1350.0
2649,Banlieue Nord,1200.0
2652,Banlieue Nord,3200.0
2653,Tunis,3800.0
2656,Bizerte,500.0
2657,Tunis,1700.0
2658,Ariana,1700.0
2660,Banlieue Nord,1250.0
2661,Sousse,1300.0
2664,Ariana,100.0
2665,Banlieue Nord,4000.0
2666,Banlieue Nord,1060.0
2667,Nabeul,3500.0
2668,Ben arous,1300.0
2669,Banlieue Nord,8000.0
2670,Ben arous,550.0
2671,Banlieue Nord,2300.0
2672,Ariana,370.0
2673,Ben arous,760.0
2674,Sousse,750.0
2675,Tunis,700.0
2683,Sousse,550.0
2686,Nabeul,100.0
2688,Sfax,450.0
2695,Ariana,650.0
2696,Banlieue Nord,3000.0
2698,Ariana,340.0
2700,Tunis,1550.0
2702,Ariana,1100.0
2703,Banlieue Nord,2500.0
2704,Nabeul,99.0
2706,Sousse,750.0
2709,Banlieue Nord,4000.0
2711,Bizerte,60.0
2713,Ben arous,250.0
2714,Ben arous,600.0
2715,Ariana,1800.0
2718,Banlieue Nord,2600.0
2719,Ben arous,380.0
2720,Ben arous,450.0
2722,Bardo,350.0
2723,Banlieue Nord,5000.0
2725,Banlieue Nord,850.0
2726,Mannouba,450.0
2728,Ben arous,550.0
2729,Sousse,0.0
2730,Kef,0.0
2733,Banlieue Nord,3000.0
2734,Nabeul,120.0
2735,Ben arous,650.0
2736,Banlieue Nord,4000.0
2737,Ariana,950.0
2738,Ariana,650.0
2743,Ariana,75.0
2744,Mahdia,250.0
2752,Banlieue Nord,550.0
2753,Sousse,1500.0
2754,Tunis,700.0
2756,Banlieue Nord,800.0
2758,Tunis,900.0
2761,Nabeul,160.0
2762,Banlieue Nord,900.0
2763,Ariana,80000.0
2764,Nabeul,250.0
2765,Tunis,750.0
2766,Nabeul,100.0
2767,Sousse,520.0
2769,Banlieue Nord,2400.0
2772,Banlieue Nord,2500.0
2774,Ben arous,420.0
2777,Nabeul,525.0
2779,Banlieue Nord,4500.0
2780,Mannouba,450.0
2782,Banlieue Nord,2500.0
2784,Nabeul,120.0
2786,Banlieue Nord,1350.0
2788,Nabeul,210.0
2789,Sousse,350.0
2790,Ben arous,750.0
2793,Banlieue Nord,650.0
2794,Nabeul,490.0
2797,Sousse,550.0
2798,Nabeul,80.0
2801,Banlieue Nord,1600.0
2802,Tunis,1800.0
2803,Banlieue Nord,700.0
2804,Ariana,650.0
2805,Sousse,1200.0
2807,Ariana,700.0
2808,Nabeul,200.0
2809,Mahdia,600.0
2810,Bardo,700.0
2811,Ben arous,500.0
2814,Sousse,600.0
2815,Sfax,430.0
2816,Banlieue Nord,1000.0
2818,Ariana,1500.0
2819,Banlieue Nord,1600.0
2820,Bizerte,350.0
2821,Banlieue Nord,2200.0
2822,Sfax,400.0
2823,Ariana,8900.0
2824,Tunis,350.0
2825,Sousse,650.0
2827,Ben arous,1100.0
2830,Ben arous,700.0
2831,Tunis,2700.0
2833,Nabeul,170.0
2834,Monastir,0.0
2835,Ariana,750.0
2837,Ariana,500.0
2838,Ariana,0.0
2839,Sousse,400.0
2840,Ariana,450.0
2841,Nabeul,350.0
2842,Tunis,700.0
2843,Banlieue Nord,2000.0
2844,Sousse,200.0
2845,Tunis,800.0
2846,Mannouba,250.0
2847,Nabeul,800.0
2848,Banlieue Nord,1800.0
2849,Ben arous,500.0
2850,Banlieue Nord,0.0
2851,Banlieue Nord,1200.0
2852,Mannouba,0.0
2853,Nabeul,90.0
2854,Tunis,1300.0
2856,Banlieue Nord,1000.0
2857,Sousse,350.0
2858,Ariana,750.0
2859,Tunis,500.0
2860,Ben arous,490.0
2862,Banlieue Nord,800.0
2863,Tunis,1200.0
2864,Banlieue Nord,950.0
2865,Banlieue Nord,1500.0
2866,Tunis,700.0
2867,Banlieue Nord,1200.0
2868,Ariana,1100.0
2869,Banlieue Nord,2500.0
2870,Cite el khadra,1200.0
2871,Banlieue Nord,8000.0
2872,Ben arous,1200.0
2873,Ariana,1500.0
2874,Banlieue Nord,2200.0
2875,Banlieue Nord,6000.0
2876,Ben arous,1200.0
2877,Ben arous,660.0
2878,Ariana,1200.0
2879,Tunis,950.0
2880,Bardo,4000.0
2881,Banlieue Nord,2700.0
2882,Ariana,800.0
2883,Ben arous,750.0
2884,Banlieue Nord,1800.0
2885,Cite el khadra,500.0
2886,Ben arous,625.0
2887,Tunis,450.0
2888,Tunis,1400.0
2889,Banlieue Nord,2600.0
2890,Banlieue Nord,850.0
2891,Banlieue Nord,950.0
2892,Banlieue Nord,950.0
2893,Ariana,650.0
2894,Tunis,1200.0
2895,Banlieue Nord,950.0
2896,Nabeul,130.0
2897,Sfax,580.0
2898,Banlieue Nord,1500.0
2899,Ben arous,500.0
2900,Banlieue Nord,1100.0
2901,Ariana,650.0
2902,Banlieue Nord,1200.0
2904,Bardo,150.0
2905,Banlieue Nord,3400.0
2907,Tunis,500.0
2908,Tunis,1000.0
2909,Tunis,750.0
2910,Sousse,500.0
2911,Ariana,950.0
2912,Nabeul,0.0
2913,Ariana,1000.0
2914,Ben arous,570.0
2916,Nabeul,950.0
2917,Nabeul,1.0
2918,Monastir,350.0
2919,Ariana,750.0
2920,Banlieue Nord,620.0
2921,Ariana,0.0
2922,Tunis,150.0
2930,Nabeul,2400.0
2931,Nabeul,130.0
2932,Sousse,600.0
2934,Mannouba,550.0
2935,Sousse,0.0
2937,Sfax,800.0
2938,Sousse,0.0
2941,Banlieue Nord,3500.0
2942,Sfax,330.0
2943,Banlieue Nord,50.0
2944,Sfax,1200.0
2945,Nabeul,0.0
2946,Nabeul,0.0
2947,Nabeul,0.0
2948,Ariana,900.0
2951,Tunis,280.0
2953,Tunis,450.0
2954,Tunis,2200.0
2957,Banlieue Nord,3400.0
2960,Ariana,480.0
2961,Ariana,450.0
2962,Tunis,600.0
2963,Ben arous,160000.0
2967,Mahdia,24503696.0
2968,Ben arous,650.0
2970,Sousse,450.0
2971,Bizerte,400.0
2972,Ben arous,350.0
2973,Ben arous,350.0
2974,Sfax,0.0
2975,Tunis,650.0
2977,Mahdia,100.0
2978,Sfax,0.0
2980,Monastir,500.0
2981,Nabeul,0.0
2983,Banlieue Nord,5500.0
2984,Nabeul,600.0
2986,Ariana,60.0
2987,Tunis,500000.0
2988,Sousse,650.0
2989,Sousse,550.0
2991,Tunis,360.0
2994,Ariana,175.0
2997,Ben arous,350.0
2998,Sousse,280.0
2999,Tunis,350.0
3000,Nabeul,2400.0
3001,Tunis,1200.0
3006,Sousse,250.0
3007,Sousse,250.0
3009,Sousse,1300.0
3010,Nabeul,8800.0
3011,Monastir,80.0
3012,Mannouba,450.0
3014,Nabeul,0.0
3016,Banlieue Nord,1800.0
3020,Sousse,1300.0
3021,Nabeul,0.0
3023,Ariana,650.0
3024,Banlieue Nord,1000.0
3025,Ariana,40.0
3026,Sousse,80.0
3029,Sousse,450.0
3030,Nabeul,750.0
3031,Tunis,380.0
3033,Nabeul,750.0
3035,Nabeul,0.0
3037,Sousse,1300.0
3038,Nabeul,0.0
3039,Sousse,120.0
3041,Sousse,150.0
3043,Sousse,150.0
3045,Sousse,1300.0
3046,Ariana,1100.0
3047,Sousse,550.0
3050,Sfax,450.0
3051,Banlieue Nord,70.0
3053,Sousse,1300.0
3054,Banlieue Nord,1500.0
3057,Sfax,0.0
3062,Ariana,580.0
3064,Banlieue Nord,720.0
3066,Banlieue Nord,10.0
3068,Tunis,450.0
3069,Ariana,600.0
3070,Sousse,500.0
3071,Banlieue Nord,450000.0
3072,Ben arous,850.0
3073,Banlieue Nord,1500.0
3078,Sfax,500.0
3079,Bizerte,750.0
3080,Sousse,250.0
3081,Nabeul,2200.0
3083,Mahdia,0.0
3085,Sousse,500.0
3086,Gabes,300.0
3087,Tunis,410.0
3088,Ben arous,650.0
3089,Tunis,0.0
3090,Ben arous,600.0
3091,Tunis,500.0
3094,Ariana,680.0
3095,Kairouan,150.0
3096,Mannouba,310.0
3097,Banlieue Nord,950.0
3098,Ben arous,600.0
3099,Sousse,300.0
3100,Ariana,0.0
3101,Tunis,250.0
3104,Ben arous,350.0
3105,Banlieue Nord,850.0
3106,Nabeul,1600.0
3109,Nabeul,1500.0
3117,Tunis,750.0
3118,Ariana,850.0
3119,Ben arous,650.0
3120,Sousse,840.0
3122,Sfax,350.0
3123,Sousse,0.0
3125,Banlieue Nord,0.0
3126,Mahdia,140.0
3127,Sousse,750.0
3129,Monastir,380.0
3130,Ariana,70.0
3131,Tunis,250.0
3132,Ariana,1150.0
3135,Sfax,330.0
3138,Monastir,450.0
3139,Sousse,500.0
3140,Banlieue Nord,600.0
3143,Monastir,60.0
3145,Ariana,80000.0
3148,Monastir,0.0
3149,Sousse,120.0
3150,Ben arous,760.0
3151,Ariana,750.0
3154,Djerba,0.0
3156,Banlieue Nord,1300.0
3157,Sousse,250.0
3159,Sousse,2200.0
3160,Tunis,700.0
3161,Sousse,1200.0
3162,Ariana,750.0
3163,Banlieue Nord,850.0
3168,Sousse,1400.0
3170,Tunis,450.0
3171,Banlieue Nord,0.0
3173,Sfax,450.0
3174,Tunis,0.0
3175,Nabeul,120.0
3177,Monastir,0.0
3181,Mahdia,100.0
3182,Ariana,430.0
3183,Sousse,150.0
3184,Banlieue Nord,3500.0
3186,Tunis,250.0
3187,Nabeul,1200000.0
3189,Ariana,380.0
3190,Sousse,700.0
3191,Nabeul,6000.0
3192,Bizerte,300.0
3193,Nabeul,140.0
3195,Nabeul,0.0
3196,Kairouan,260.0
3197,Ariana,800.0
3200,Tunis,400.0
3202,Ben arous,1.0
3203,Gabes,0.0
3205,,0.0
3206,Sfax,550.0
3207,Tunis,0.0
3208,Ben arous,470.0
3209,Mahdia,100.0
3210,Monastir,70.0
3212,Tunis,3500.0
3214,Mannouba,0.0
3217,Sousse,110.0
3219,,100.0
3221,Gabes,0.0
3222,Tunis,750.0
3228,Ariana,600.0
3229,Tunis,400.0
3230,Ben arous,600.0
3232,Tunis,0.0
3237,Monastir,380.0
3238,Banlieue Nord,900.0
3241,Sousse,350.0
3242,Tunis,1200.0
3244,Sousse,0.0
3246,Banlieue Nord,70.0
3247,Ben arous,800.0
3249,Nabeul,4800.0
3250,Ariana,900.0
3253,Ben arous,1300.0
3254,Mannouba,165.0
3258,Ariana,750.0
3259,Djerba,0.0
3260,Djerba,0.0
3263,Tunis,0.0
3264,Sousse,0.0
3265,Sousse,800.0
3266,Sfax,240.0
3269,,0.0
3270,Sfax,35.0
3272,Ariana,120.0
3273,Ariana,300.0
3274,Ariana,1500.0
3275,Bardo,300.0
3278,Sfax,700.0
3279,Sousse,2000.0
3281,Bardo,650.0
3282,Nabeul,350.0
3284,Sousse,600.0
3285,Nabeul,200.0
3286,Tunis,500.0
3288,Sfax,200.0
3291,Ariana,280.0
3292,Ariana,600.0
3293,Ben arous,570.0
3294,Tunis,3200.0
3295,Ariana,200.0
3296,Sousse,300.0
3297,Sousse,0.0
3298,Ariana,0.0
3299,Tunis,2400.0
3300,Ariana,525.0
3301,Sousse,1200.0
3303,Ariana,580.0
3304,Bizerte,500.0
3305,Ariana,850.0
3306,Nabeul,0.0
3308,Ben arous,680.0
3311,Ben arous,750.0
3313,Sousse,550.0
3314,Monastir,1000.0
3315,Ariana,2000.0
3316,Banlieue Nord,2500.0
3317,Nabeul,130.0
3318,Mahdia,0.0
3319,Tunis,600.0
3321,Nabeul,200.0
3322,Monastir,0.0
3323,Jendouba,120.0
3324,Nabeul,2900.0
3325,Banlieue Nord,1800.0
3328,Ariana,800.0
3329,Ariana,800.0
3332,Ariana,850.0
3333,Nabeul,1100.0
3334,Banlieue Nord,1500.0
3335,Ariana,950.0
3337,Ben arous,480.0
3338,Nabeul,0.0
3341,Sousse,130.0
3342,Mannouba,650.0
3343,Nabeul,80.0
3344,Banlieue Nord,85.0
3345,Banlieue Nord,400.0
3348,Nabeul,0.0
3349,Sousse,400.0
3351,Nabeul,1600.0
3352,Sousse,1200.0
3354,Ben arous,800.0
3355,Nabeul,550.0
3356,Tunis,650.0
3357,Ariana,500.0
3358,Ben arous,450.0
3360,Banlieue Nord,1500.0
3363,Ben arous,680.0
3364,Sousse,1500.0
3365,Nabeul,100.0
3366,Ben arous,600.0
3367,Sousse,800.0
3368,Sousse,0.0
3369,Tunis,650.0
3370,Tunis,100.0
3371,Ariana,380.0
3372,Ben arous,350.0
3374,Ariana,0.0
3375,Tunis,850.0
3377,Sousse,0.0
3380,Sfax,750.0
3383,Ariana,830.0
3384,Ben arous,350.0
3386,Nabeul,600.0
3388,Sousse,0.0
3389,Ariana,1400.0
3390,Ariana,750.0
3391,Ben arous,770.0
3393,Tunis,1000.0
3394,Tunis,850.0
3395,Banlieue Nord,1400.0
3398,Mannouba,150.0
3402,Ben arous,0.0
3403,Gafsa,520.0
3404,Bardo,600.0
3406,Ariana,735.0
3407,Ariana,0.0
3408,Ariana,550.0
3409,Sfax,700.0
3412,Ben arous,250.0
3413,Banlieue Nord,2075.0
3414,Ariana,1100.0
3417,Nabeul,80.0
3418,Sfax,380.0
3421,Nabeul,5000.0
3422,Ariana,450.0
3427,Nabeul,120.0
3429,Nabeul,80.0
3432,Sfax,0.0
3433,Nabeul,200000.0
3435,Banlieue Nord,1000.0
3436,Tunis,450.0
3437,Ben arous,850.0
3438,Nabeul,0.0
3439,Ariana,800.0
3443,Banlieue Nord,1200.0
3445,Nabeul,7200.0
3446,Nabeul,1.0
3449,Sousse,200.0
3450,Gabes,0.0
3454,Ben arous,250.0
3455,Nabeul,120.0
3457,Nabeul,120.0
3458,Sfax,0.0
3459,Tunis,450.0
3460,Ariana,450.0
3465,Banlieue Nord,2800.0
3466,Sousse,80.0
3467,Nabeul,200.0
3468,Tunis,1100.0
3469,Ariana,650.0
3470,Monastir,310.0
3473,Tunis,850.0
3474,Monastir,0.0
3475,Ariana,0.0
3476,Monastir,500.0
3478,Ben arous,370.0
3480,Ariana,1000.0
3481,Nabeul,700.0
3482,Sousse,400.0
3483,Ariana,1700.0
3486,Nabeul,4000.0
3488,Ariana,600.0
3489,Ariana,1200.0
3491,Ben arous,470.0
3492,Sousse,450.0
3493,Tunis,400.0
3494,Sousse,350.0
3496,Sousse,1300.0
3497,Ariana,0.0
3498,Sfax,400.0
3499,Ariana,1200.0
3500,Tunis,120.0
3501,Ariana,900.0
3502,Tunis,0.0
3503,Banlieue Nord,1700.0
3506,Nabeul,70.0
3507,Ben arous,680.0
3508,Tunis,800.0
3509,Ariana,2000.0
3510,Ariana,600.0
3511,Tunis,200.0
3512,Sousse,0.0
3513,Banlieue Nord,850.0
3515,Ariana,1200.0
3516,Sousse,1000.0
3517,Mahdia,650.0
3519,Nabeul,1000.0
3521,Ariana,600.0
3523,Tunis,350.0
3524,Sfax,500.0
3527,Nabeul,100.0
3528,Sousse,550.0
3529,Sousse,1000.0
3530,Sousse,1000.0
3531,Ariana,750.0
3532,Nabeul,100.0
3533,Ariana,1700.0
3538,Nabeul,0.0
3539,Ben arous,600.0
3541,Ariana,75.0
3544,Banlieue Nord,0.0
3545,Gafsa,500.0
3546,Nabeul,120.0
3547,Sousse,550.0
3548,Sousse,800.0
3549,Ariana,650.0
3550,Mannouba,0.0
3551,Sousse,850.0
3553,Ariana,850.0
3554,Ben arous,450.0
3555,Ariana,1300.0
3556,Tunis,420.0
3558,Banlieue Nord,1350.0
3559,Tunis,650.0
3560,Nabeul,1325.0
3561,Banlieue Nord,1300.0
3562,Jendouba,120.0
3563,Ariana,1500.0
3566,Sousse,60.0
3568,Sousse,450.0
3569,Nabeul,90.0
3570,Ariana,570.0
3571,Ben arous,750.0
3573,Mannouba,400.0
3574,Ariana,70.0
3575,Ariana,800.0
3576,Tunis,0.0
3577,Jendouba,80.0
3579,Ariana,550.0
3580,Sousse,450.0
3581,Ariana,1150.0
3582,Ariana,0.0
3583,Bizerte,60.0
3585,Nabeul,0.0
3588,Ariana,1700.0
3589,Ben arous,650.0
3593,Tunis,0.0
3595,Nabeul,1200.0
3597,Djerba,400.0
3598,Sousse,150.0
3599,Tunis,600.0
3600,Ben arous,600.0
3601,Ariana,500.0
3603,Ariana,675.0
3604,Ben arous,750.0
3605,Ariana,640.0
3607,Ben arous,600.0
3608,Sousse,500.0
3610,Sousse,500.0
3613,Monastir,400.0
3614,Ariana,80.0
3617,Ariana,500.0
3619,Ariana,75.0
3620,Ariana,990.0
3621,Ariana,640.0
3622,Tunis,2400.0
3623,Sfax,0.0
3624,Mahdia,840.0
3628,Banlieue Nord,1300.0
3630,Bizerte,650.0
3631,Tunis,1700.0
3633,Nabeul,80.0
3636,Monastir,1.0
3637,Banlieue Nord,1600.0
3638,Gabes,300.0
3640,Nabeul,80.0
3641,Gafsa,290.0
3647,Nabeul,100.0
3648,Sousse,700.0
3649,Tunis,1300.0
3650,Nabeul,50.0
3651,Ariana,1200.0
3652,Ben arous,450.0
3653,Ariana,330.0
3655,Nabeul,70.0
3657,Banlieue Nord,2200.0
3658,Ariana,750.0
3660,Bardo,500.0
3662,Nabeul,1200.0
3663,Sousse,2000.0
3664,Ben arous,650.0
3665,Ariana,70.0
3667,Nabeul,90.0
3668,Nabeul,200.0
3670,Ariana,120.0
3671,Sfax,0.0
3672,Ben arous,800.0
3673,Ariana,600.0
3674,Monastir,250.0
3676,Ariana,430.0
3678,Ariana,900.0
3679,Ben arous,470.0
3680,Monastir,0.0
3681,Ariana,800.0
3683,Bardo,0.0
3684,Sousse,50.0
3685,Tunis,0.0
3686,Mannouba,400.0
3687,Tunis,250.0
3688,Nabeul,0.0
3689,Ben arous,0.0
3690,Mannouba,700.0
3691,Banlieue Nord,900.0
3692,Nabeul,3500.0
3693,Nabeul,120.0
3694,Tunis,500.0
3697,Tunis,600.0
3698,Monastir,250.0
3699,Ben arous,260.0
3700,Tunis,0.0
3702,Tunis,850.0
3704,Tunis,600.0
3705,Tunis,600.0
3706,Ariana,70.0
3708,Ben arous,550.0
3709,Nabeul,1450.0
3710,Ariana,850.0
3714,Mannouba,550.0
3715,Tunis,400.0
3716,Banlieue Nord,2000.0
3718,Sfax,0.0
3719,Bardo,550.0
3720,Monastir,55.0
3725,Tunis,85000.0
3726,Nabeul,530.0
3729,Sousse,100.0
3732,Sousse,350.0
3734,Sousse,0.0
3735,Ben arous,300.0
3736,Sousse,600.0
3738,Ben arous,550.0
3739,Tunis,750.0
3741,Monastir,50.0
3742,Ben arous,420.0
3743,Ariana,1200.0
3747,Tunis,950.0
3749,Ben arous,550.0
3750,Sousse,0.0
3752,Banlieue Nord,720.0
3754,Nabeul,2500.0
3755,Sousse,1200.0
3757,Sousse,500.0
3758,Monastir,450.0
3759,Ariana,750.0
3760,Sousse,800.0
3761,Mannouba,0.0
3762,Sousse,100.0
3765,Banlieue Nord,1400.0
3766,Ben arous,680.0
3770,Mannouba,0.0
3772,Banlieue Nord,1200.0
3773,Nabeul,2400.0
3776,Ariana,70.0
3777,Ben arous,750.0
3780,Ben arous,420.0
3782,Ariana,800.0
3783,Tunis,900.0
3784,Ariana,730.0
3786,Ariana,590.0
3787,Ariana,800.0
3790,Nabeul,1400.0
3791,Banlieue Nord,700.0
3793,Nabeul,40.0
3794, Sidi bouzid,0.0
3795,Tunis,550.0
3797,Ben arous,400.0
3798,Sousse,1800.0
3799,Sfax,470.0
3800,Mannouba,0.0
3804,Ariana,650.0
3805,Nabeul,100.0
3809,Sousse,630.0
3811,Tunis,780.0
3814,Sousse,450.0
3816,Mahdia,560.0
3817,Sousse,850.0
3818,Nabeul,0.0
3819,Sousse,650.0
3820,Ariana,70.0
3821,Sousse,85.0
3823,Nabeul,0.0
3826,Tunis,90.0
3827,Ariana,950.0
3828,Mannouba,500.0
3829,Monastir,0.0
3830,Sousse,0.0
3831,Tunis,2500.0
3832,Sousse,1500.0
3835,Ben arous,340.0
3836,Ben arous,380.0
3838,Mannouba,600.0
3840,Ariana,450.0
3842,Nabeul,130.0
3844,Banlieue Nord,225.0
3845,Banlieue Nord,1600.0
3848,Sfax,530.0
3849,Banlieue Nord,530.0
3850,Ariana,600.0
3851,Ariana,0.0
3853,Banlieue Nord,1900.0
3855,Nabeul,120.0
3857,Tunis,780.0
3858,Ben arous,300.0
3859,Ariana,500.0
3860,Sousse,450.0
3861,Tunis,1500.0
3862,Banlieue Nord,1000.0
3865,Ariana,300.0
3869,Banlieue Nord,1500.0
3870,Nabeul,80.0
3872,Sfax,0.0
3874,Sousse,750.0
3876,Monastir,60.0
3877,Ariana,1200.0
3880,Ariana,580.0
3881,Sousse,220.0
3882,Ariana,0.0
3883,Ariana,800.0
3884,Sousse,520.0
3885,Tunis,330.0
3886,Ariana,680.0
3887,Sousse,60.0
3890,Sousse,0.0
3893,Tunis,0.0
3895,Sousse,520.0
3896,Nabeul,210.0
3898,Ariana,1600.0
3900,Nabeul,120.0
3901,Nabeul,0.0
3905,Ben arous,600.0
3906,Monastir,0.0
3907,Ariana,1000.0
3909,Ariana,420.0
3911,Nabeul,0.0
3912,Nabeul,0.0
3913,Sousse,500.0
3917,Tunis,850.0
3918,Monastir,350.0
3920,Banlieue Nord,2700.0
3921,Monastir,500.0
3922,Monastir,0.0
3926,Ben arous,0.0
3928,Nabeul,60.0
3929,Nabeul,0.0
3930,Gafsa,50.0
3932,Mannouba,150.0
3933,Nabeul,100.0
3935,Nabeul,130.0
3936,Nabeul,1200.0
3938,Nabeul,0.0
3939,Sousse,750.0
3940,Tunis,450.0
3942,Mahdia,657.0
3943,Banlieue Nord,700.0
3945,Sousse,100.0
3946,Ariana,575.0
3947,Ariana,800.0
3950,Banlieue Nord,2300.0
3952,Monastir,60.0
3953,Sousse,350.0
3955,Ariana,850.0
3957,Gafsa,230.0
3958,Sousse,450.0
3959,Banlieue Nord,3500.0
3960,Ben arous,625.0
3961,Tunis,800.0
3962,Monastir,0.0
3963,Kairouan,300.0
3965,Tunis,1000.0
3968,Ariana,1800.0
3969,Tunis,800.0
3971,Ben arous,450.0
3974,Ariana,980.0
3978,Ben arous,100.0
3979,Monastir,400.0
3982,Banlieue Nord,2200.0
3986,Ariana,950.0
3988,Ariana,175.0
3989,Nabeul,9000.0
3990,Ariana,70.0
3991,Sousse,3000.0
3993,Nabeul,150.0
3994,Tunis,430.0
3995,Sousse,500.0
3997,Banlieue Nord,850.0
4000,Nabeul,850.0
4001,Sousse,0.0
4002,Tunis,2500.0
4003,Sfax,400.0
4005,Sfax,0.0
4006,Banlieue Nord,950.0
4007,Ariana,1500.0
4009,Sousse,700.0
4010,Ben arous,480.0
4013,Nabeul,1700.0
4014,Nabeul,650.0
4015,Banlieue Nord,1500.0
4016,Nabeul,0.0
4020,Ben arous,600.0
4021,Ariana,75.0
4023,Sfax,450.0
4024,Tunis,900.0
4025,Ben arous,850.0
4026,Ben arous,680.0
4027,Tunis,750.0
4029,Mahdia,0.0
4032,Sousse,1500.0
4034,Nabeul,300000.0
4036,Ariana,600.0
4040,Ariana,1200.0
4041,Ariana,370.0
4044,Ariana,560.0
4046,Ariana,1600.0
4048,Ariana,500.0
4050,Nabeul,150.0
4051,Mahdia,70.0
4052,Mannouba,500.0
4055,Djerba,400.0
4056,Nabeul,1200.0
4057,Sousse,1050.0
4058,Banlieue Nord,900.0
4059,Sousse,700.0
4063,Nabeul,0.0
4064,Banlieue Nord,1300.0
4065,Sousse,2400.0
4068,Nabeul,500.0
4069,Banlieue Nord,1800.0
4072,Nabeul,80.0
4075,Ariana,900.0
4080,Sousse,450.0
4084,Ariana,0.0
4087,Sousse,750.0
4089,Sousse,0.0
4090,Sousse,300.0
4091,Monastir,500.0
4092,Ariana,250.0
4093,Tunis,1100.0
4094,Nabeul,100.0
4096,Ariana,170.0
4097,Ariana,680.0
4098,Sousse,1.0
4100,Tunis,420.0
4102,Tunis,200.0
4103,Tunis,0.0
4104,Ariana,600.0
4105,Banlieue Nord,800.0
4106,Banlieue Nord,1200.0
4108,Sfax,450.0
4112,Banlieue Nord,1400.0
4113,Ariana,800.0
4114,Ariana,850.0
4115,Ariana,850.0
4118,Tunis,90.0
4124,Nabeul,0.0
4126,Banlieue Nord,3000.0
4128,Sousse,90.0
4129,Sfax,0.0
4131,Ariana,420.0
4133,Ariana,890.0
4135,Sfax,350.0
4136,Ariana,1300.0
4138,Ariana,800.0
4141,Tunis,0.0
4143,Banlieue Nord,600.0
4145,Sfax,4000.0
4148,Monastir,0.0
4150,Nabeul,60.0
4151,Mannouba,290.0
4152,Sousse,1500.0
4154,Tunis,140.0
4155,Monastir,600.0
4156,Tunis,480.0
4162,Nabeul,120.0
4164,Ariana,0.0
4165,Banlieue Nord,1700.0
4168,Ariana,1250.0
4170,Ariana,350.0
4172,Ben arous,100.0
4173,Sousse,50.0
4175,Sousse,100.0
4176,Sfax,400.0
4177,Nabeul,0.0
4180,Sousse,50.0
4182,Sousse,150.0
4184,Sousse,450.0
4185,Mannouba,550.0
4186,Ben arous,340.0
4190,Banlieue Nord,2000.0
4192,Sousse,1300.0
4193,Gabes,0.0
4198,Sousse,650.0
4200,Nabeul,120.0
4202,Banlieue Nord,1000.0
4203,Banlieue Nord,2500.0
4205,Ben arous,650.0
4206,Sousse,450.0
4207,Djerba,500.0
4209,Nabeul,2500.0
4210,Nabeul,0.0
4211,Ariana,880.0
4212,Mannouba,195.0
4213,Ben arous,520.0
4214,Banlieue Nord,0.0
4215,Ben arous,550.0
4217,Sousse,650.0
4218,Ariana,800.0
4219,Nabeul,0.0
4220,Tunis,450.0
4222,Ben arous,550.0
4223,Ariana,550.0
4225,Djerba,1.0
4226,Tunis,1200.0
4227,Sousse,160.0
4228,Bardo,0.0
4229,Sousse,1300.0
4230,Ben arous,600.0
4231,Ariana,700.0
4232,Sousse,400.0
4236,Mahdia,100.0
4237,Bardo,500.0
4238,Sousse,500.0
4240,Ariana,800.0
4244,Tunis,550.0
4248,Ben arous,400.0
4249,Mannouba,0.0
4251,Gafsa,0.0
4252,Nabeul,6800.0
4254,Ariana,1200.0
4256,Nabeul,0.0
4257,Banlieue Nord,700.0
4258,Sfax,400.0
4261,Ariana,1700.0
4262,Sousse,800.0
4264,Ariana,460.0
4265,Ben arous,0.0
4266,Ben arous,650.0
4268,Ariana,1700.0
4270,Ariana,430.0
4271,Sousse,40.0
4272,Ariana,700.0
4273,Ariana,440.0
4275,Monastir,50.0
4276,Sousse,100.0
4280,,570.0
4282,Ariana,450.0
4283,Nabeul,0.0
4284,Sousse,1250.0
4285,Ariana,750.0
4287,Sousse,600.0
4288,Banlieue Nord,1350.0
4289,Monastir,50.0
4290,Ariana,60.0
4291,Banlieue Nord,2500.0
4292,Sousse,100.0
4293,Nabeul,250.0
4294,Tunis,500.0
4296,Nabeul,0.0
4297,Ben arous,500.0
4299,Ariana,700.0
4302,Tunis,450.0
4306,Sousse,0.0
4309,Tunis,250.0
4310,Sfax,0.0
4311,Mahdia,1000.0
4313,Sousse,0.0
4314,Nabeul,150.0
4315,Sousse,160.0
4316,Tunis,450.0
4318,Ben arous,650.0
4320,Nabeul,80.0
4322,Sousse,140.0
4323,Mannouba,0.0
4325,Nabeul,1750.0
4327,Nabeul,7200.0
4330,Mahdia,90.0
4331,Nabeul,1200.0
4334,Banlieue Nord,2500.0
4335,Ariana,720.0
4336,Bardo,290.0
4337,Banlieue Nord,1950.0
4338,Sfax,0.0
4339,Ben arous,550.0
4341,Banlieue Nord,0.0
4344,Ben arous,350.0
4345,Mahdia,0.0
4346,Tunis,250.0
4347,Sfax,0.0
4348,Banlieue Nord,1700.0
4349,Sousse,180000.0
4350,Bardo,275.0
4351,Ariana,500.0
4354,Sousse,600.0
4356,Sousse,140.0
4358,Ariana,580.0
4359,Nabeul,1400.0
4360,Sousse,650.0
4363,Sousse,400.0
4365,Sfax,430.0
4369,Sousse,120.0
4370,Tunis,699.0
4371,Sousse,1200.0
4372,Nabeul,70.0
4375,Mannouba,0.0
4376,Sousse,1200.0
4377,Ben arous,350.0
4379,Sousse,0.0
4380,Ariana,650.0
4381,Nabeul,1000.0
4382,Nabeul,50.0
4384,Ben arous,900.0
4385,Sousse,0.0
4386,Nabeul,600.0
4389,Tunis,2200.0
4390,Ariana,400.0
4393,Tunis,200.0
4394,Ariana,1000.0
4395,Sousse,0.0
4396,Tunis,700.0
4399,Ben arous,400.0
4400,Ariana,1200.0
4403,Bardo,500.0
4405,Tunis,180.0
4407,Mannouba,195.0
4408,Tunis,550.0
4411,Ariana,2110.0
4412,Sousse,200.0
4414,Banlieue Nord,3000.0
4415,Tunis,850.0
4422,Sousse,100.0
4423,Sousse,650.0
4425,Ben arous,470.0
4426,Nabeul,90.0
4427,,800.0
4428,Tunis,350.0
4429,Sousse,140.0
4434,Ariana,750.0
4438,Tunis,0.0
4439,Sousse,350.0
4440,Banlieue Nord,8120.0
4441,Ariana,850.0
4442,Ariana,400.0
4443,Sousse,150.0
4445,Ben arous,590.0
4447,Banlieue Nord,1250.0
4448,Sousse,250.0
4449,Nabeul,300.0
4450,Monastir,1000.0
4451,Tunis,380.0
4452,Bardo,800.0
4453,Sousse,500.0
4456,Tunis,1500.0
4460,Tunis,700.0
4461,Ariana,600.0
4462,Banlieue Nord,3500.0
4463,Sousse,95.0
4466,Ben arous,760.0
4472,Nabeul,0.0
4473,Ariana,650.0
4474,Mahdia,350.0
4476,Ben arous,900.0
4478,Tunis,1100.0
4479,Banlieue Nord,2800.0
4481,Sfax,320.0
4484,Ben arous,400.0
4485,Sousse,400.0
4486,Ben arous,420.0
4487,Ben arous,350.0
4488,Sousse,1000.0
4489,Nabeul,0.0
4492,Ariana,2110.0
4493,Kef,0.0
4494,Ben arous,380.0
4497,Ariana,990.0
4499,Monastir,450.0
4501,Ben arous,900.0
4502,Kairouan,0.0
4505,Ariana,325.0
4506,Ariana,750.0
4507,Nabeul,3400.0
4510,Tunis,2700.0
4511,Monastir,70.0
4512,Sousse,130.0
4514,Nabeul,2500.0
4515,Ariana,800.0
4519,Ariana,1950.0
4520,Monastir,470.0
4521,Sousse,600.0
4522,Sousse,200.0
4523,Ben arous,680.0
4525,Sousse,85.0
4526,Sousse,0.0
4527,Ariana,550.0
4529,Ariana,1250.0
4530,Mannouba,700.0
4533,Ariana,60.0
4534,Sfax,650.0
4535,Ariana,850.0
4536,Sousse,0.0
4537,Ariana,550.0
4538,Banlieue Nord,1450.0
4539,Tunis,500.0
4540,Nabeul,900.0
4541,Sousse,230.0
4542,Ariana,500.0
4543,Ben arous,650.0
4544,Ben arous,420.0
4546,Sousse,400.0
4547,Banlieue Nord,1000.0
4548,Ariana,1100.0
4549,Banlieue Nord,2400.0
4550,Nabeul,7000.0
4551,Banlieue Nord,650.0
4553,Nabeul,500.0
4554,Nabeul,0.0
4555,Ariana,950.0
4558,Ariana,100.0
4559,Sfax,450.0
4560,Sousse,600.0
4563,Mahdia,60.0
4566,Nabeul,150.0
4567,Sousse,600.0
4568,Sousse,1000.0
4570,Nabeul,200.0
4571,Banlieue Nord,2000.0
4572,Ben arous,350.0
4573,Mahdia,70.0
4574,Sousse,550.0
4575,Tunis,380.0
4576,Nabeul,1850.0
4577,Bizerte,0.0
4578,Nabeul,0.0
4579,Sousse,320.0
4581,Ben arous,760.0
4582,Mannouba,0.0
4584,Sfax,0.0
4585,Ariana,900.0
4586,Sousse,220.0
4587,Nabeul,450.0
4588,Sousse,500.0
4592,Tunis,0.0
4597,Kairouan,0.0
4598,Monastir,0.0
4600,Sousse,450.0
4601,Banlieue Nord,750.0
4603,Monastir,0.0
4604,Bizerte,70.0
4605,Tunis,450.0
4606,Sousse,80.0
4609,Ariana,210.0
4610,,500.0
4611,Banlieue Nord,690.0
4613,Sousse,180.0
4616,Nabeul,0.0
4618,Ariana,400.0
4619,Tunis,1200.0
4620,Bizerte,0.0
4621,Bizerte,300.0
4622,Tunis,900.0
4623,Banlieue Nord,800.0
4624,Ariana,550.0
4626,Nabeul,55.0
4628,Ariana,850.0
4630,Banlieue Nord,2500.0
4631,Ben arous,600.0
4633,Banlieue Nord,950.0
4634,Tunis,550.0
4635,Nabeul,0.0
4636,Ben arous,850.0
4638,Banlieue Nord,2000.0
4640,Sousse,400.0
4641,Sousse,450.0
4642,Monastir,350.0
4643,Mahdia,90.0
4644,Nabeul,110.0
4646,Ben arous,450.0
4647,Nabeul,7000.0
4648,Nabeul,0.0
4649,Tunis,1000.0
4650,Nabeul,100.0
4652,Sousse,300.0
4654,Ariana,75.0
4655,Banlieue Nord,470.0
4657,Sousse,450.0
4658,Nabeul,600.0
4659,Banlieue Nord,4000.0
4660,Mannouba,580.0
4662,Nabeul,450.0
4663,Banlieue Nord,2200.0
4664,Ariana,1300.0
4665,Sousse,400.0
4666,Tunis,300.0
4668,Ariana,660.0
4670,Mahdia,1000.0
4671,,0.0
4672,Banlieue Nord,5000.0
4674,Ben arous,490.0
4675,Ariana,500.0
4676,Sousse,550.0
4677,Banlieue Nord,2000.0
4678,Nabeul,180.0
4679,Banlieue Nord,0.0
4682,Sousse,550.0
4684,Sousse,650.0
4686,Tunis,1000.0
4687,Banlieue Nord,750.0
4688,Ben arous,350.0
4689,Ariana,800.0
4690,Ariana,1300.0
4693,Tunis,420.0
4694,Bizerte,70.0
4698,Sousse,0.0
4700,Bardo,330.0
4701,Nabeul,120.0
4702,Ariana,600.0
4705,Sfax,700.0
4706,Ben arous,650.0
4707,Tunis,900.0
4710,Nabeul,80.0
4711,Monastir,55.0
4712,Nabeul,0.0
4713,Nabeul,0.0
4714,Sousse,180.0
4716,Monastir,50.0
4717,Nabeul,300.0
4719,Ariana,140.0
4721,Ben arous,350.0
4724,Tunis,2000.0
4725,Mannouba,0.0
4727,Banlieue Nord,800.0
4728,Banlieue Nord,3800.0
4729,Ben arous,850.0
4730,Ariana,750.0
4731,Tunis,1100.0
4734,Tunis,130.0
4735,Sousse,400.0
4736,Nabeul,0.0
4737,Tunis,80.0
4738,Ariana,700.0
4740,Ariana,900.0
4742,Mannouba,400.0
4745,Monastir,90.0
4746,Nabeul,0.0
4747,Sousse,150.0
4748,Tunis,850.0
4749,Sousse,50.0
4751,Sousse,900.0
4752,Ariana,1000.0
4756,Nabeul,90.0
4758,Sousse,750.0
4759,Ariana,1150.0
4760,Nabeul,150.0
4761,Sfax,500.0
4762,Tunis,900.0
4763,Banlieue Nord,650.0
4764,Nabeul,0.0
4766,Tunis,500.0
4768,Tunis,1000.0
4770,Nabeul,0.0
4771,Ariana,60.0
4772,Ben arous,550.0
4773,Sousse,500.0
4774,Tunis,520.0
4776,Ben arous,750.0
4778,Sousse,400.0
4780,Banlieue Nord,750.0
4781,Bardo,800.0
4782,Tunis,550.0
4784,Nabeul,1600.0
4785,Mahdia,0.0
4787,Banlieue Nord,450.0
4791,Tunis,1600.0
4792,Ariana,350.0
4794,Sfax,0.0
4795,Banlieue Nord,0.0
4798,Ariana,1050.0
4799,Ben arous,350.0
4800,Ariana,580.0
4803,Tunis,550.0
4805,Sousse,60.0
4807,Kairouan,250.0
4810,Monastir,80.0
4813,Ariana,70.0
4823,Sfax,0.0
4825,Ben arous,850.0
4826,Sfax,350.0
4831,Sfax,550.0
4834,Ariana,80.0
4835,Tunis,320.0
4836,Ariana,750.0
4837,Mahdia,1300.0
4841,Ariana,630.0
4842,Ben arous,420.0
4843,Sousse,1200.0
4844,Ariana,0.0
4845,Ariana,600.0
4849,Tunis,2800.0
4852,Ariana,1200.0
4853,Nabeul,0.0
4854,Nabeul,420.0
4855,Ariana,900.0
4856,,0.0
4857,Sousse,0.0
4860,Nabeul,1200000.0
4861,,0.0
4864,Tunis,0.0
4865,Tunis,900.0
4868,Sousse,100.0
4869,Ariana,300.0
4870,Sousse,650.0
4872,Ariana,70.0
4873,Ben arous,900.0
4874,Tunis,900.0
4875,Mahdia,980.0
4876,Tunis,950.0
4877,Ariana,80.0
4878,Ariana,850.0
4880,Sousse,500.0
4881,Sousse,1350.0
4884,Banlieue Nord,1100.0
4886,Djerba,80.0
4887,Sousse,90.0
4888,Sfax,520.0
4894,Tunis,100.0
4895,Sousse,700.0
4896,Sfax,0.0
4897,Banlieue Nord,800.0
4900,Ariana,60.0
4901,Nabeul,0.0
4902,Monastir,280.0
4904,Tunis,450.0
4910,Sfax,500.0
4911,Tunis,550.0
4913,Nabeul,2400.0
4916,Ben arous,0.0
4918,Sfax,420.0
4921,Sfax,550.0
4923,Sousse,1400.0
4924,Sousse,400.0
4925,Sousse,700.0
4927,Gafsa,0.0
4928,Ben arous,500.0
4929,Ariana,1000.0
4930,Banlieue Nord,900.0
4931,Sfax,330.0
4932,Ben arous,760.0
4936,Banlieue Nord,1800.0
4938,Ariana,600.0
4939,Bardo,800.0
4940,Sousse,1500.0
4941,Sousse,1200.0
4943,Monastir,70.0
4946,Tunis,600.0
4947,Mahdia,500.0
4948,Tunis,400.0
4950,Nabeul,950.0
4951,Nabeul,150.0
4952,Nabeul,750.0
4955,Ben arous,850.0
4956,Tunis,800.0
4957,Banlieue Nord,1700.0
4959,Sousse,1200.0
4960,Ben arous,111.0
4962,Tunis,450.0
4966,Sousse,700.0
4967,Tunis,100.0
4969,Ben arous,600.0
4970,Sfax,0.0
4971,Sfax,0.0
4972,Tunis,280.0
4973,Tunis,750.0
4975,Ariana,750.0
4976,Monastir,50.0
4977,Banlieue Nord,1400.0
4979,Tunis,320.0
4980,Ben arous,550.0
4981,Ariana,550.0
4984,Sousse,0.0
4985,Ben arous,0.0
4986,Sfax,520.0
4988,Ariana,300.0
4989,Tunis,0.0
4990,Bardo,0.0
4992,Ariana,800.0
4993,Ben arous,500.0
4994,Sousse,800.0
4995,Sousse,650.0
4999,Sousse,500.0
5000,Sousse,100.0
5001,Tunis,100.0
5002,Banlieue Nord,2000.0
5005,Nabeul,2400.0
5006,Ariana,650.0
5007,Nabeul,0.0
5008,Tunis,600.0
5010,Nabeul,0.0
5012,Banlieue Nord,7000.0
5015,Tunis,750.0
5016,Nabeul,2000.0
5018,Ariana,850.0
5019,Sousse,130.0
5022,Tunis,90.0
5024,Sousse,80.0
5025,Banlieue Nord,3900.0
5026,Banlieue Nord,1100.0
5028,Mahdia,110.0
5029,Sousse,500.0
5030,Sousse,1050.0
5031,Banlieue Nord,2500.0
5033,Sousse,600.0
5035,Nabeul,1400.0
5036,Monastir,0.0
5037,Tunis,0.0
5040,Tunis,90.0
5041,Monastir,380.0
5042,Nabeul,100.0
5043,Gafsa,0.0
5044,Sfax,450.0
5046,Tunis,250.0
5047,Sousse,130.0
5048,Tunis,900.0
5050,Sousse,130.0
5051,Ariana,850.0
5053,Sousse,150.0
5054,Tozeur,300.0
5055,Ariana,600.0
5057,Ariana,1200.0
5058,Banlieue Nord,4000.0
5059,Nabeul,5000.0
5060,Ariana,950.0
5061,Sousse,80.0
5064,Sousse,550.0
5065,Sfax,450.0
5066,Zaghouan,220.0
5067,Nabeul,0.0
5068,Tunis,0.0
5069,Sousse,900.0
5070,,0.0
5071,Sousse,750.0
5072,Ariana,1200.0
5074,Sousse,800.0
5076,Ben arous,650.0
5078,Ariana,3600.0
5079,Nabeul,0.0
5080,Nabeul,80.0
5081,Ariana,75.0
5082,Mahdia,1500.0
5083,Ariana,350.0
5084,Sfax,0.0
5086,Tunis,0.0
5087,Ben arous,680.0
5088,Nabeul,150.0
5089,Tunis,3800.0
5090,Tunis,100.0
5091,Sousse,1000.0
5092,Monastir,70.0
5093,Tunis,1100.0
5098,Ariana,0.0
5099,Sousse,2500.0
5102,Sfax,650.0
5104,Banlieue Nord,1300.0
5105,Sousse,0.0
5106,Monastir,80.0
5107,Nabeul,100.0
5109,Sousse,100.0
5110,Sousse,200.0
5113,Ben arous,400.0
5114,Ariana,870.0
5116,Nabeul,0.0
5117,Nabeul,0.0
5120,Ariana,600.0
5121,Banlieue Nord,1550.0
5125,Sousse,80.0
5127,Banlieue Nord,700.0
5128,Sousse,0.0
5130,Sousse,80.0
5131,Ariana,1000.0
5136,Djerba,60.0
5138,Sfax,450.0
5141,Nabeul,2000.0
5142,Tunis,0.0
5144,Ariana,165000.0
5145,Ben arous,340.0
5146,Sousse,1500.0
5147,Ariana,450.0
5149,Sousse,850.0
5150,Bizerte,600.0
5152,Ben arous,650.0
5153,Nabeul,150.0
5154,Sousse,3000.0
5155,Zaghouan,220.0
5157,Ariana,1200.0
5158,Sousse,80.0
5160,Banlieue Nord,120.0
5162,Banlieue Nord,2800.0
5163,Nabeul,0.0
5166,Nabeul,150.0
5168,Tunis,80.0
5169,Ben arous,650.0
5171,Ben arous,450.0
5172,Sfax,390.0
5173,Ariana,800.0
5174,Ariana,500.0
5175,Tunis,520.0
5176,Ariana,1300.0
5177,Tunis,700.0
5178,Tunis,300.0
5179,Tunis,900.0
5180,Tunis,680.0
5181,Tunis,550.0
5182,Nabeul,130.0
5185,Ben arous,420.0
5186,Nabeul,0.0
5187,Sousse,0.0
5188,Sousse,400.0
5191,Ariana,750.0
5192,Sousse,150.0
5194,Ariana,1250.0
5196,Sousse,370.0
5197,Mahdia,0.0
5198,Ariana,1300.0
5201,Ariana,800.0
5203,Banlieue Nord,120.0
5205,Sousse,80.0
5206,Bizerte,0.0
5207,Ariana,0.0
5208,Sfax,350.0
5209,Banlieue Nord,1050.0
5210,Ariana,450.0
5213,Sfax,0.0
5219,Nabeul,550.0
5222,Sousse,800.0
5224,Banlieue Nord,3500.0
5225,Nabeul,50.0
5227,Sousse,650.0
5229,Nabeul,70.0
5230,Ben arous,550.0
5231,Tunis,380.0
5236,Nabeul,250.0
5237,Banlieue Nord,1100.0
5238,Jendouba,0.0
5239,Banlieue Nord,1300.0
5240,Sousse,1500.0
5241,Tunis,850.0
5243,Ariana,60.0
5244,Ariana,800.0
5245,Sousse,0.0
5246,Ariana,750.0
5248,Ariana,650.0
5249,Ariana,600.0
5253,Monastir,750.0
5255,Ben arous,700.0
5256,Banlieue Nord,1500.0
5259,Ariana,550.0
5260,Ariana,550.0
5261,Sfax,400.0
5262,Tunis,350.0
5263,Ariana,720.0
5266,Banlieue Nord,1500.0
5267,Banlieue Nord,1160.0
5269,Mahdia,654.0
5271,Ariana,650.0
5272,Nabeul,130.0
5273,Ariana,900.0
5278,Tunis,0.0
5279,Ariana,580.0
5281,Nabeul,8000.0
5283,Ariana,0.0
5284,Ariana,110.0
5286,Ariana,0.0
5287,Sfax,0.0
5288,Ariana,60.0
5289,Ben arous,350.0
5291,Banlieue Nord,1600.0
5292,Ben arous,600.0
